word,positive,negative
my,3071,2481
ideal,167,0
perfect,226,4
day,589,274
off,236,209
would,1276,1843
be,1489,946
staying,184,0
at,889,645
home,563,71
all,452,340
and,3698,1930
relaxing,185,0
with,1357,943
nothing,179,34
to,4792,3051
stress,170,0
upon,170,169
the,3897,1891
moment,227,3
i,12564,9154
wake,173,168
up,1019,945
make,362,565
a,4731,2922
good,1465,408
cup,171,4
of,1393,1491
spearmint,168,0
tea,248,16
whip,167,0
some,1039,830
eggs,182,17
just,1372,2096
chill,168,8
after,216,19
that,2406,1473
get,575,563
cozy,167,0
by,437,63
watching,641,27
cute,737,155
movies,382,170
or,605,2250
series,222,170
binge,167,0
eating,234,33
snacks,176,1
order,168,3
in,1768,1320
pizza,261,28
later,194,6
evening,167,0
maybe,252,111
roam,221,0
around,287,31
apartment,175,18
catching,176,167
on,1395,1576
breeze,166,0
listening,273,174
music,523,695
then,297,58
go,843,524
back,240,65
sleep,185,48
ig,168,166
next,35,197
move,18,192
is,3414,1718
food,592,510
refill,0,166
drink,76,182
vibe,0,332
prolly,50,639
friend,183,190
who,134,528
vibes,0,166
same,93,202
alone,129,192
lmao,57,166
honestly,246,152
someone,46,319
does,131,249
gesture,14,152
out,476,600
nowhere,14,152
like,2044,1498
surprises,15,152
me,1399,1871
something,461,1185
ive,3,153
been,252,586
wanting,22,153
for,957,1023
long,98,245
time,378,477
but,985,1094
couldnt,1,152
buy,27,168
it,2195,2450
cause,353,336
was,479,616
too,509,423
broke,23,158
happy,71,158
simultaneous,14,152
plans,20,155
hang,28,161
better,143,207
as,630,1180
well,527,282
dont,156,620
really,840,1502
remember,16,344
recent,0,166
event,12,169
usually,77,181
whenever,0,172
have,2034,1953
an,372,331
argument,0,166
mom,184,241
anyone,10,185
based,18,321
pissed,0,152
when,426,624
they,1249,479
cant,343,640
understand,36,193
pov,0,169
think,464,1158
about,767,1075
themselves,1,166
once,96,212
great,529,193
if,115,304
could,109,815
situation,71,325
what,1385,1121
going,158,236
through,22,176
putting,0,169
phone,7,191
aside,23,318
sitting,9,172
room,4,174
fairy,3,166
lights,55,167
turned,3,177
movie,112,328
no,345,629
one,299,314
disturbing,1,169
tbh,0,166
any,249,556
rn,18,319
laugh,12,335
very,340,412
weird,76,205
jokes,10,653
people,299,549
wouldnt,3,306
relatable,0,332
life,439,251
basically,15,172
stand,55,175
comedy,3,166
cracks,0,332
goofy,3,166
dark,16,504
humour,1,498
anything,684,76
disney,176,3
dreamworks,173,0
related,170,0
love,1587,93
2000s,166,0
romcoms,166,0
lets,161,1
honest,172,3
are,1671,498
funny,375,12
even,323,43
tho,169,21
might,367,354
find,207,38
them,478,286
cringe,167,1
cooked,155,14
oki,152,16
cool,570,72
flow,152,17
else,203,36
lol,310,197
not,673,1454
its,405,598
serious,0,172
considered,4,166
taboo,0,166
this,368,408
only,90,268
know,568,539
other,183,211
person,112,184
likes,9,172
otherwise,4,167
crack,0,166
type,19,181
public,1,175
setting,1,167
ngl,1,169
havent,3,154
adviced,0,152
lot,277,371
gotten,0,172
advices,0,304
im,338,313
stuck,113,186
can,627,642
term,0,167
best,205,184
worst,3,179
far,20,194
most,48,195
got,240,282
helped,116,169
feel,204,219
talking,20,170
hours,18,382
yapping,0,166
invisible,0,167
teleport,0,499
awkward,0,168
situations,111,167
disappear,0,167
want,195,306
stay,48,191
place,204,186
anymore,6,185
early,34,185
anywhere,19,175
wheeee,0,166
plushies,166,0
ones,514,12
ofc,166,0
smol,332,0
big,229,24
meh,169,1
able,22,167
figure,17,155
particular,21,155
personal,169,17
theme,153,17
song,329,49
upbeat,153,15
fun,506,51
hindi,153,14
tamil,152,14
dancing,170,14
vibing,152,14
obvio,0,166
open,18,169
handle,3,172
suspense,0,166
there,402,283
creepy,7,175
note,0,166
written,3,172
ages,5,167
ago,19,203
lebanese,166,0
biased,166,0
grew,203,6
gulf,166,0
bro,189,157
shawarma,333,2
emotion,166,0
simple,186,3
bring,181,0
you,4098,1964
so,724,421
much,272,200
joy,227,0
need,398,109
eat,286,93
from,690,184
sized,166,0
restaurant,199,18
cooking,208,10
grills,334,2
hummus,175,4
ps,166,2
mayo,166,1
shawarmas,166,1
sin,166,1
toum,166,0
ummm,15,153
hate,116,243
idly,16,153
dosa,16,153
nutella,16,153
goated,14,152
combo,14,153
matches,14,153
takes,21,161
seriously,18,152
approve,14,152
gotta,24,155
do,2212,1732
put,42,174
judgement,14,155
try,118,215
thats,4,152
did,226,316
now,181,289
am,2496,1127
living,459,108
carefree,152,14
where,522,150
controlled,152,14
9th,56,0
and10th,41,0
grade,83,15
don,165,79
t,368,191
had,616,106
amount,55,0
during,83,9
those,168,25
2,132,49
years,250,63
made,134,40
friends,233,33
craziest,55,0
shit,56,0
away,87,46
moments,56,1
changed,55,6
metro,110,1
station,55,1
witnessed,55,0
how,778,244
lady,61,3
standing,58,1
clueless,55,3
works,211,21
route,113,3
take,192,27
destination,55,0
saw,64,11
dude,58,4
helping,70,4
her,189,46
sparing,55,0
his,93,22
explain,61,0
train,64,15
which,102,16
down,73,22
busy,85,61
world,207,11
see,206,42
restored,55,0
faith,60,0
parents,227,70
apart,55,0
disagreements,55,0
we,331,110
ve,117,28
over,172,23
seen,83,16
lows,55,0
highs,55,0
supported,55,0
advised,55,15
numerous,110,0
points,55,0
helpless,55,0
times,82,9
haven,55,17
expressive,55,0
enough,89,29
ensured,55,0
help,121,60
entire,55,6
isn,110,0
single,79,32
thing,124,44
talk,82,15
close,64,3
family,196,51
occasions,56,0
being,275,51
needed,82,6
advice,58,32
clarity,55,0
things,132,30
various,57,0
m,252,54
grateful,55,0
kind,151,77
literally,61,6
work,478,402
stressed,58,3
chilling,114,1
makes,235,21
calm,58,4
content,110,0
college,112,46
lie,56,1
bed,74,16
while,182,44
s,191,49
look,104,28
forward,61,0
rest,63,6
cpu,55,0
calming,55,0
proud,125,0
learning,70,0
city,92,34
familiar,58,10
figuring,110,0
travel,127,27
between,55,12
places,76,3
managing,58,3
expenses,55,3
independently,55,0
unexpected,55,0
coming,56,3
girl,88,18
lived,61,9
abroad,55,0
bahrain,55,0
idk,55,0
why,97,122
soon,123,18
land,56,0
sense,58,1
comfort,55,3
has,126,34
matched,55,0
feeling,76,3
always,148,93
visit,82,4
least,87,17
year,114,30
forget,70,4
current,62,3
issues,56,9
having,86,12
relax,73,3
used,96,39
dream,54,9
more,166,103
independent,41,0
introverted,41,0
still,98,58
enjoying,69,0
per,41,0
se,41,0
seems,47,9
usual,50,0
never,172,79
thought,73,18
today,126,43
may,56,9
glad,74,15
growing,59,9
ever,61,41
sunny,3,1
afternoon,0,1
nyc,9,4
went,45,19
netflix,12,4
until,9,16
5,41,40
30am,0,1
wokeup,0,1
morning,15,14
hoping,15,7
wakeful,0,1
considering,5,0
fancy,9,4
thinking,15,14
3,54,49
getting,52,34
ready,36,13
deal,20,6
omelette,1,0
snack,4,3
bar,4,9
pretty,171,21
minutes,4,0
breath,1,0
frozen,2,0
direction,1,0
etc,5,0
googly,0,1
eyedrops,0,1
shwarma,0,1
whats,60,34
prolyl,39,0
bad,39,65
care,25,22
youre,11,9
welcome,4,0
goat,2,0
smell,5,6
fat,4,3
poppy,1,0
seeds,1,0
pumpkin,4,3
wheel,4,9
fresh,13,6
yumming,1,0
plate,4,3
gives,4,3
tummy,1,0
flavour,1,0
instantly,1,2
it's,4,2
grilly,1,0
eggiol,1,0
shooting,4,0
sounds,291,51
smart,4,6
mix,7,0
husband,64,21
both,28,21
professionals,1,0
passion,7,3
game,54,30
aspects,1,0
without,12,8
worrying,1,0
favourite,20,0
old,71,96
mins,1,0
prepare,1,3
turns,1,1
hangovers,1,0
helpful,1,3
concise,3,3
asked,1,0
ami,1,0
somewhere,4,6
dosaing,1,0
box,4,0
straight,8,3
mushroom,4,0
speol,1,0
mustard,1,0
theyre,4,0
happens,2,3
should,96,92
awhile,4,1
advertisements,0,1
tweet,0,1
yourself,77,13
use,34,41
loosely,0,1
night,110,26
front,3,1
oi,0,1
point,8,3
future,12,0
assistant,15,7
child,19,9
first,62,25
memory,2,0
__,1,0
self,8,3
depends,7,9
planning,13,6
ableto,1,0
done,42,15
learn,25,18
two,125,64
hand,7,0
knows,4,6
will,328,133
exactly,16,9
anytime,1,0
hangout,1,0
themto,1,0
aren,1,0
tasters,1,0
available,1,0
helpyoudly,1,0
your,447,246
dreams,7,0
come,84,13
true,50,18
seeing,13,6
films,16,9
d,13,3
definitely,55,15
check,25,0
into,84,54
weirdo,1,0
everyone,13,9
he,198,143
giving,0,1
directions,0,1
wasn't,0,1
space,9,4
weirdly,0,1
ground,0,4
shows,16,8
dramatic,0,1
happened,6,10
fans,6,1
suspenseful,0,1
hardcore,0,1
readers,0,1
probably,24,47
inducing,0,1
stifling,1,0
distracting,1,0
myself,85,33
expensive,10,12
sims,1,0
fave,10,3
pomegranate,1,0
admit,4,6
recycled,1,0
toys,4,0
disposable,1,0
last,89,35
weeks,4,12
shirt,1,0
park,10,13
ipod,1,0
processor,1,0
eggnog,1,0
wont,1,0
either,10,36
way,56,60
isn't,1,2
describes,0,1
colours,0,1
afar,0,1
fallback,2,0
raw,2,0
kinds,14,0
birds,4,0
favorite,572,77
blue,55,21
jay,1,0
adapted,1,1
ups,1,3
downs,1,0
ses,1,0
doing,220,44
right,106,60
spent,7,3
catchingup,1,0
working,55,60
onto,1,0
recently,31,21
don't,1,3
animal,7,9
animals,88,15
pets,58,87
wouldn't,0,1
djing,0,1
correct,11,4
require,2,0
attentive,2,0
traditional,2,3
italian,15,2
dish,16,2
consisting,0,1
yeasted,0,1
flatbread,0,1
typically,0,1
topped,0,1
tomato,3,1
sauce,3,4
cheese,15,14
baked,3,1
oven,0,7
id,0,1
pizaa,0,1
say,25,49
dogs,133,67
than,80,39
cats,68,42
easily,3,4
sentence,0,2
change,4,13
subject,3,1
professional,3,7
said,7,17
phrased,0,1
told,9,10
delicious,26,0
add,3,4
traditionally,1,0
served,1,0
weddings,4,3
funerals,1,0
special,7,6
healthy,34,3
filling,4,0
ahead,7,0
prepared,1,0
server,4,3
lifestyles,1,0
bacon,7,1
flavor,4,0
parmesan,1,0
chopped,1,0
whatever,4,9
yummy,16,7
beautiful,49,0
lagoon,1,0
overlooks,1,0
reflection,1,0
beach,47,21
ice,44,0
cream,37,0
eggsploitation,1,0
youve,2,1
authentic,3,1
offensive,0,4
yes,405,133
using,1,10
different,36,16
dataset,0,7
because,93,100
presentation,0,1
user,0,14
you're,1,2
sure,142,80
there's,0,1
easy,10,13
solution,0,1
that's,1,2
you've,0,1
together,39,4
i'll,2,1
paid,3,10
few,79,17
hundred,3,1
dollars,9,1
month,12,7
fair,6,4
waste,3,1
idea,16,9
i'm,5,1
dog,192,74
trainer,8,0
customer,4,3
okay,86,36
fine,40,3
problem,12,9
we're,1,0
you'll,1,0
respectful,1,0
we'll,1,0
name,69,38
email,0,6
address,0,7
password,0,1
newpassword,0,1
rewrite,0,6
response,0,6
word,6,11
phrase,0,1
style,9,7
original,3,4
following,0,4
months,15,13
art,42,10
gallery,0,1
curator,6,4
came,12,1
project,3,4
share,9,10
group,6,4
young,30,7
super,30,16
creative,6,5
wanted,24,23
painter,0,2
environment,3,2
collaborative,0,1
example,0,7
include,3,1
paragraph,0,1
huskies,4,0
sled,1,0
wish,58,118
spend,46,25
sorry,18,139
hear,60,91
hobbies,90,67
keep,66,40
occupied,0,1
watch,116,54
fan,32,12
action,4,0
also,193,49
job,180,141
raced,2,0
f1,2,0
race,11,3
world's,2,0
prestigious,2,0
racing,2,0
verstapen,0,1
baby,16,4
i've,0,2
heard,30,26
pet,9,22
max,16,7
vappen,0,1
him,31,53
car,66,75
drive,51,56
red,34,6
bulls,1,0
looking,43,36
own,137,43
someday,25,0
verstappen,9,3
system,6,12
friendly,6,3
supportive,0,3
answers,0,3
agree,40,9
rephrase,0,3
naturally,6,3
hi,119,19
walking,24,4
thanks,109,15
ask,10,19
vp,1,0
questions,1,0
sarah,0,4
cat,84,40
us,39,16
u,27,25
shelter,11,6
aww,13,9
beagles,4,3
they're,1,0
kill,7,6
ending,4,0
story,4,6
end,13,6
events,4,0
equestrian,1,0
ride,36,12
horses,40,9
sport,4,0
recreation,1,0
couldn,14,0
pisses,0,14
wouldn,0,28
let,26,15
joke,3,20
10th,14,0
needing,14,3
youd,0,2
youm,0,1
strategy,0,1
larpers,0,1
co,0,1
op,0,1
dungeon,0,1
crawls,0,1
allow,0,7
often,24,16
received,0,1
play,266,100
games,90,40
before,39,35
guess,28,59
league,6,0
legends,6,0
prefer,64,6
oceans,0,3
beaches,9,3
trace,0,1
teleportation,0,1
somethingicoulda,0,1
school,148,124
rapping,1,0
darkly,1,0
portrayed,1,0
sarcasm,1,0
weapon,1,0
crudely,1,0
yup,0,4
match,12,7
played,15,5
entered,0,2
describe,1,0
hilarious,13,3
unpopular,0,1
opinion,1,4
hold,0,7
data,1,0
scientist,4,0
important,31,9
yet,44,39
brings,7,1
sweet,58,9
tooth,7,0
party,19,3
again,23,15
5cis,1,0
wow,250,60
whatd,1,0
happen,8,6
grill,9,2
besties,1,0
studying,33,12
playing,78,23
chills,0,1
gifteeing,0,1
she,156,100
needs,12,13
must,70,33
fast,19,18
hunting,83,19
hobby,29,16
canning,8,4
whittling,4,0
remodel,67,0
homes,67,4
bow,73,3
neat,19,3
high,53,30
placed,4,0
6th,4,0
100m,4,0
dash,4,3
awesome,190,6
season,27,4
meat,107,24
since,91,42
exclusively,4,0
prime,0,4
rib,0,4
foods,18,10
chicken,21,16
macaroni,0,4
planned,3,4
football,34,6
jam,10,0
footfall,4,0
outside,27,16
remodeling,0,4
spending,16,0
4,25,18
sisters,84,15
four,86,15
thrones,13,0
show,34,27
drinking,16,6
iced,74,12
researcher,4,0
researching,4,3
fact,16,0
mermaids,81,3
real,110,9
interesting,130,6
website,10,0
designer,25,3
computer,45,15
technology,8,0
tell,82,52
enjoy,212,18
free,38,24
diving,7,3
hanging,28,3
mother,44,21
nice,444,42
moms,16,9
fascinated,4,0
line,4,0
shy,4,9
break,13,6
beatles,10,3
tv,67,25
small,110,24
town,71,21
along,21,10
mine,67,46
class,21,19
cola,0,4
rum,0,4
lime,4,0
coconut,4,0
nah,0,28
plain,0,7
cuba,48,4
libre,48,4
drank,0,4
yesterday,6,4
theater,52,4
mojitos,4,0
watermelon,4,0
cucumber,4,0
carrots,72,14
throw,4,8
sing,43,30
pitch,11,0
cook,95,19
bike,28,6
won,28,6
award,4,0
spelling,13,4
bee,7,0
contacts,67,4
trying,15,53
sell,30,19
published,7,0
new,115,36
yorker,7,0
mistakes,0,4
ethnicity,0,4
white,6,10
hair,140,68
brown,82,16
asian,3,4
hairless,0,4
asians,0,4
horse,13,6
male,0,10
female,6,4
gourmet,4,0
voice,7,9
doubt,3,4
scream,3,7
career,75,9
ton,13,0
interested,22,4
kids,179,102
actually,65,21
guitar,81,9
manly,12,0
welding,63,0
weld,0,4
houses,3,7
everything,31,8
secret,20,3
hiding,7,0
homosexual,0,4
secure,4,0
skills,4,3
bet,55,12
anyway,6,13
black,37,50
hearse,65,4
funeral,0,8
halloween,156,9
fav,34,3
imagine,10,6
reading,52,12
ok,112,9
costume,4,0
read,139,39
rock,126,19
alternative,74,1
mystery,10,0
oh,343,220
taught,25,6
sherlock,4,0
holmes,4,0
others,13,6
confusion,0,4
kidding,0,4
taking,21,16
bath,0,4
course,28,9
listen,141,18
man,39,31
boxer,56,7
peed,0,4
carpet,0,9
ll,27,28
loud,3,13
purse,3,7
wear,85,25
borrow,3,4
packing,0,7
dad,73,46
china,59,7
live,200,99
moved,13,15
ten,13,0
tech,7,0
visited,6,4
cannot,15,70
gum,9,4
wrapper,0,4
arrested,0,4
bit,25,33
scary,19,0
crime,10,3
finishing,7,0
homework,10,9
alright,22,3
writing,22,3
write,45,31
culture,4,0
business,22,27
major,16,18
part,28,22
ba,3,4
finance,0,4
company,19,24
hut,0,4
start,37,15
yeah,178,93
hope,169,30
frat,4,0
worked,9,21
half,3,6
bank,9,12
office,21,12
teller,6,0
pay,12,24
bills,9,3
basket,3,0
ball,6,0
hike,27,9
suppose,12,15
nature,42,3
keeps,21,9
mind,30,12
though,102,84
another,18,15
country,33,21
left,18,24
states,15,6
sons,3,3
proofread,0,3
hallmark,0,3
followed,3,0
father,77,21
became,9,3
author,9,6
books,51,33
greatest,9,0
pleasure,9,0
little,42,33
library,6,6
building,9,3
literature,12,0
goodfellas,3,0
guy,9,12
traveling,36,9
catch,12,9
hockey,24,6
traveled,21,3
extensively,3,0
europe,12,3
south,3,3
america,7,0
ireland,18,0
australia,15,6
japan,21,12
stop,15,0
here,93,75
piano,12,3
singing,15,9
wonderful,36,0
memories,9,0
www,3,12
dance,42,24
record,0,3
late,15,3
tonight,27,3
nurse,9,12
teaches,9,0
nutrition,3,0
classes,6,0
struggling,3,0
artist,15,12
tutor,3,0
vegetarian,12,9
instruct,3,0
commitment,6,0
beliefs,3,3
less,6,3
moderation,3,3
named,21,9
radar,3,0
sheet,0,3
singer,15,6
garden,39,0
spare,45,6
tennis,12,15
lots,57,12
rabbits,3,0
give,45,24
vegetables,18,12
veterans,3,0
veteran,3,3
ge,6,0
included,3,0
retired,18,30
chat,15,0
smoothie,6,6
shop,36,18
tacos,15,0
local,70,15
university,9,9
michigan,21,9
yr,0,3
outdoors,21,3
especially,30,12
summer,24,6
basketball,21,15
rocking,3,0
classic,12,3
decided,3,3
pre,6,3
med,3,6
doctor,18,9
luck,36,9
hello,81,12
gaga,3,0
led,3,0
zeppelin,3,0
madonna,3,6
concerts,15,3
farm,45,15
maintain,3,3
mall,3,3
venue,3,0
hiking,24,9
photography,21,3
rather,6,21
crowded,3,0
malls,3,0
pays,12,6
money,45,54
manager,3,12
tiring,0,6
instead,0,15
greyhounds,0,3
their,30,18
names,15,18
tom,9,6
jerry,6,6
walk,45,24
careful,10,3
area,18,6
iffy,6,0
socal,3,3
seattle,15,3
houseboat,3,0
weather,9,12
ocean,18,3
incredible,3,0
totally,24,3
believe,103,18
sea,9,3
dyed,3,9
mermaid,3,3
purple,12,15
samples,0,3
salon,9,3
epic,6,0
stylist,3,0
clients,3,0
fantasy,9,0
colors,6,9
beauty,12,0
guys,15,6
set,9,12
married,75,45
braids,3,0
chit,3,0
awww,6,0
precious,3,0
such,12,9
mingle,3,0
haha,99,75
finally,12,0
tied,6,0
knot,3,0
thank,66,9
god,18,6
wait,15,21
craving,0,3
chilly,0,3
gary,12,3
meet,51,6
general,6,6
grocery,18,12
store,24,33
insurance,3,15
salesman,3,6
cycling,9,0
snowboarding,3,3
horseback,9,0
riding,21,3
compete,3,0
professionally,3,0
qualify,3,0
wife,48,30
canada,9,3
view,6,3
weekends,21,3
winter,33,9
sports,63,15
milwaukee,0,3
fl,6,0
unless,6,0
swimming,33,6
wave,3,0
sweetheart,3,0
sweetie,3,0
ya,15,9
couple,9,3
activities,3,0
hospital,6,18
clot,3,0
military,18,15
base,3,3
impressive,9,0
exercise,36,15
boy,18,18
bake,24,15
alot,18,21
everyday,24,9
brat,0,3
social,6,18
queen,3,3
many,66,42
annoying,0,9
third,0,3
floor,0,6
roommates,9,0
sometimes,93,63
appreciation,3,0
pasta,15,3
cheap,0,6
donate,9,6
church,3,15
pantry,0,3
volunteer,12,6
mechanic,6,3
lives,75,3
london,6,6
fashion,3,12
uk,0,3
exciting,30,3
eventually,6,0
shopping,33,6
sporting,0,3
goods,0,3
introduce,0,3
sister,27,9
law,12,15
wrong,3,18
brother,27,30
fish,36,36
breaker,3,0
fishing,45,0
thinks,3,6
actual,0,3
says,6,21
ventured,0,3
employment,0,6
children,51,30
smash,0,3
pretzels,0,3
pretzel,3,0
lovers,9,0
bobby,3,0
billie,3,0
were,24,45
teachers,9,3
star,12,0
trek,6,0
hunter,3,3
railroad,3,0
sound,60,9
hunt,12,6
boating,6,0
activity,9,0
deep,9,3
tours,3,0
vegan,60,24
volunteering,12,6
boss,9,9
bookkeeping,3,0
started,24,3
common,9,9
urban,9,0
farms,9,0
top,21,3
lovely,21,0
miles,18,3
road,9,9
organic,18,9
found,12,18
chemicals,0,3
necessary,0,6
rough,12,12
waiting,6,6
tables,3,9
headed,9,0
bumped,0,3
head,21,12
door,3,15
frame,0,3
6,30,24
foot,15,18
tall,30,15
height,6,0
ppl,3,0
tip,6,0
investor,0,3
waited,0,3
past,6,6
gig,55,3
decent,3,3
stray,0,3
mensa,3,0
members,6,0
book,54,21
club,15,6
40,9,3
ridiculous,0,6
moves,0,3
touched,0,3
crazy,24,30
hard,54,90
prepping,3,6
dinner,15,0
stopped,3,6
complete,3,0
hits,6,0
chef,24,0
become,15,15
teacher,37,24
highlight,3,0
schooling,3,0
winning,3,3
3rd,3,6
p,3,3
2nd,3,3
missed,0,3
cut,9,18
dang,0,3
letter,3,3
words,6,12
culinary,3,3
ended,0,3
spell,3,0
katie,6,0
transgender,3,0
lucy,9,0
weekend,45,6
friday,3,0
united,12,3
color,81,27
whatsis,3,0
pink,36,6
cuisine,3,3
thai,6,0
sushi,12,3
nope,6,18
employed,3,12
toward,0,3
masters,6,3
sciences,0,3
amazon,0,3
midnight,3,0
worried,3,21
florida,21,15
hurricane,12,6
terrible,6,24
navy,0,6
17,0,6
terrifying,0,6
water,27,21
evil,0,6
mistress,0,3
interrupted,0,3
whenso,0,3
birthday,12,6
september,3,0
1972,3,0
1960,3,0
donna,6,3
fortunately,6,0
swim,24,6
born,9,15
june,3,3
originally,6,12
unemployed,0,9
ah,21,12
jobs,12,9
hey,45,6
tuna,3,6
salad,3,3
seafood,15,0
comic,27,18
cars,57,18
giant,12,6
nerd,12,0
rarely,6,3
paint,18,6
junk,6,18
gummy,9,0
worms,6,3
sour,12,0
vice,3,0
candy,15,6
pineapple,0,3
ham,6,9
pepperoni,3,3
mostly,33,24
painting,30,3
opera,3,6
steps,3,3
hell,3,3
houston,9,6
tx,3,0
flooded,3,0
dry,3,9
quickly,3,3
forever,18,6
ke,3,3
ha,24,45
follow,6,9
james,3,3
rules,6,9
feeds,3,3
pudding,3,9
rule,0,9
gas,0,9
gasoline,0,3
tastes,3,3
drugs,0,3
clue,0,3
strict,0,6
laws,0,3
texas,24,12
pastimes,3,0
shoe,6,0
island,3,3
making,42,0
boats,6,0
bob,9,3
mexican,15,3
burritos,3,0
omg,6,0
state,21,12
hawaii,9,0
jealous,3,9
surrounded,0,3
farmland,0,3
vacation,12,6
hurry,0,3
non,3,3
profit,0,3
organization,0,3
helps,33,12
although,9,9
truck,12,18
toyota,9,6
warm,9,3
melted,3,0
air,6,6
barking,6,0
allergic,9,15
shellfish,0,3
ate,3,6
matter,0,6
allie,3,0
adore,18,0
amazing,66,6
kitten,6,0
sits,3,0
lap,6,0
youtube,18,6
youtuber,3,0
famous,21,12
videos,3,9
spooky,0,3
video,51,42
apply,0,3
makeup,3,9
useful,3,3
costumes,12,3
cons,3,0
rode,6,0
driving,21,12
fly,18,6
pilot,18,3
airline,3,0
staring,3,0
clouds,18,0
flying,21,6
picnic,3,0
cloud,6,3
shapes,3,0
vera,6,9
wondering,0,6
firm,9,6
fight,6,3
hmmm,9,6
fashioned,6,0
please,12,18
bought,12,6
house,45,27
stays,3,3
trust,9,6
ours,0,3
dead,9,21
yours,39,6
under,0,9
bridge,0,3
59th,0,6
street,9,6
hide,0,3
knives,6,3
leave,9,15
sign,3,9
case,3,3
shhh,3,0
despise,3,3
tofu,0,6
security,3,6
master,3,0
secured,3,0
shoulders,0,3
hurt,3,6
six,9,15
toes,0,3
hurts,0,9
extra,6,12
toe,0,9
fit,18,15
inside,3,6
shoes,9,12
skiing,6,3
boots,6,6
dragon,9,6
dragons,12,6
ink,6,3
artwork,3,0
shirts,3,3
stain,3,0
386,3,0
michener,3,0
twice,9,3
twilight,6,0
stallion,3,0
lately,9,9
glasses,9,9
fixed,0,6
progressive,3,6
lenses,0,3
unfortunately,0,12
churchill,0,3
museum,9,6
wheres,0,3
orlando,3,3
grand,6,0
opening,3,0
sadly,3,12
chair,0,3
huge,27,6
steaks,9,0
computers,9,6
savvy,3,0
repairing,0,3
busted,0,3
repair,3,0
alabama,9,9
british,3,0
colombia,3,0
vancouver,3,0
graphic,6,0
finish,0,12
gigs,3,0
burger,15,0
hillbilly,0,3
rod,3,0
reel,3,0
trade,3,6
combination,0,3
200,3,6
feet,3,6
vision,0,9
headaches,0,3
quite,27,12
sir,3,0
call,24,36
911,6,3
cop,15,9
alaska,3,0
virginia,3,9
tool,9,0
geek,0,3
airplanes,12,6
army,9,12
build,6,15
side,12,0
drop,0,6
downtime,3,0
sick,0,18
finds,6,0
relief,3,3
health,9,6
our,36,15
neighbors,3,9
seem,15,6
yea,18,30
neighborhood,6,6
days,21,18
mention,3,6
image,0,6
ido,0,3
worry,0,15
constantly,0,3
cruel,0,3
spaghetti,9,0
meatballs,3,0
yum,21,0
mothers,6,0
specialty,0,3
reacting,3,0
negatively,3,0
reason,3,12
boyfriend,12,21
nasa,0,6
forgetful,0,3
estate,6,3
lessons,6,6
california,27,6
brought,12,6
teaching,12,6
teach,42,27
english,12,6
foundation,6,3
writer,9,3
learned,9,6
wrote,9,3
fiction,18,6
rains,3,0
watched,0,3
dc,3,3
gravity,0,3
week,27,24
futurama,0,3
technological,3,3
save,6,3
forestry,0,3
management,3,3
custodian,3,3
coolness,3,0
savage,3,3
death,6,3
metal,24,6
member,3,3
martius,3,3
bass,6,6
player,68,0
introduced,9,3
anime,12,9
trinity,6,0
blood,6,9
shibamotos,3,0
expected,3,3
pregnant,3,6
congratulations,12,0
asthma,9,3
sex,6,0
wants,6,15
perhaps,0,6
minister,0,3
athletic,81,6
runner,3,3
hopefully,18,0
kid,21,18
sometime,3,3
ft,3,0
feels,3,3
towering,3,0
these,9,6
females,3,3
pearl,6,0
band,60,18
29,3,3
adored,3,0
near,21,21
boston,9,6
providence,3,0
publishing,6,0
downtown,6,0
sexy,3,0
bicycle,6,3
ex,6,3
loving,3,0
suburb,3,3
ohio,3,3
drawing,9,6
three,30,15
siblings,18,18
wanna,12,6
cows,3,6
steak,21,3
comes,9,3
mean,21,21
milk,3,15
cow,3,9
nipples,0,3
tired,9,39
study,15,18
cuz,3,6
owl,6,0
specific,3,6
bipolar,3,3
possible,6,3
pugs,3,0
loyal,9,0
biscuit,3,0
ultimate,9,0
alpha,3,0
omega,3,0
climb,6,0
trees,9,12
spider,3,0
monkey,3,0
togther,3,0
baking,15,3
retirement,6,0
factory,3,9
labor,0,3
energy,3,12
demanding,0,3
cake,9,6
grandson,3,3
chocolate,48,9
join,12,0
musical,3,0
instrument,3,0
violinist,3,6
orchestra,0,6
kinda,12,27
violin,6,6
nursing,6,9
22,6,0
indian,9,0
violins,3,0
adopt,6,0
human,6,6
rich,18,12
saying,6,6
entirely,3,0
bird,0,9
woman,21,6
breed,9,0
maine,6,0
coons,3,0
subway,0,3
thrilled,0,3
couch,6,12
surfing,3,6
jobless,0,3
sit,15,9
cruise,12,0
fullest,6,0
caught,7,0
coach,15,9
freetime,3,3
aspiring,3,0
roofer,0,3
pops,3,0
roofing,3,0
tried,18,6
nfl,3,3
greenway,3,0
packers,3,0
green,33,21
team,6,9
junna,3,0
mouth,0,3
gods,0,3
ear,0,6
trophy,0,3
yessir,3,0
collect,15,9
degree,27,18
lantern,3,0
collecting,12,6
autographs,9,3
15,3,0
million,15,0
steal,3,3
dust,3,12
allergies,0,12
stealing,0,6
act,6,3
prove,0,3
necessarily,0,3
stole,0,6
bookworm,3,0
pies,9,3
pie,18,0
loves,33,6
laguna,0,3
pics,0,6
cell,0,12
mountains,18,0
signal,0,3
sustain,0,3
sad,27,33
camera,3,3
pic,6,0
lover,3,0
sally,3,0
sean,6,0
student,12,18
engineering,6,0
internship,3,3
starting,6,3
excited,9,3
acting,12,9
quit,0,21
joys,3,0
retiring,9,0
yolo,3,0
skydive,6,0
die,18,3
showed,3,3
smile,6,0
snake,12,6
fake,3,0
humble,3,0
coolio,3,0
character,9,15
online,24,27
fame,3,0
cover,3,3
wired,3,0
wood,3,3
cutting,3,3
struggle,0,6
constant,0,3
eye,0,12
contact,0,3
wanders,0,3
tree,3,3
large,9,12
ax,3,0
lumberjack,6,0
strong,12,3
attractive,21,0
opposite,3,3
shower,12,9
pass,12,6
longer,6,6
moped,0,3
pancakes,7,0
syrup,6,0
halo,12,0
heading,6,3
stopping,3,0
pick,6,9
gift,9,3
30,24,9
denver,3,0
san,12,0
diego,6,0
celebrate,6,0
trip,12,3
saving,6,6
paris,9,6
finished,27,9
mba,0,6
financial,3,3
insanely,3,0
paying,3,6
nicely,0,3
goes,30,3
towards,0,6
loans,0,9
bill,3,3
oregon,6,0
cashier,3,3
walmart,0,3
basement,0,3
mad,0,9
rejected,0,6
gifted,0,6
easter,3,3
bunny,3,3
closet,3,3
force,3,0
soccer,15,6
lousy,0,3
listener,0,3
poops,0,3
everywhere,6,3
hates,0,12
calden,3,3
greetings,3,0
royalty,3,0
stock,3,0
market,9,3
possibly,0,3
ways,9,0
valuable,3,0
wonder,6,12
north,6,6
normally,3,3
cold,9,24
blooded,0,3
breathe,0,3
fire,9,6
created,3,0
themed,3,0
called,6,9
com,0,3
nachos,9,0
peace,12,0
safe,15,3
invited,3,0
son,15,0
charlie,9,0
daniels,6,3
war,9,0
lab,9,12
inspires,3,0
imagination,9,0
historical,6,0
colonial,3,0
reads,9,0
science,15,9
jeremy,3,0
wade,3,0
isaac,3,0
asimov,3,0
robots,3,3
ran,6,12
k,3,0
sales,6,9
barnes,3,0
noble,6,0
bu,3,3
opted,0,3
hte,0,3
versions,0,3
16,6,12
candles,3,3
disappointed,0,6
ugly,3,9
miss,9,30
usa,0,3
brothers,39,21
twins,15,9
ou,3,0
twin,9,0
lonely,9,12
boring,0,24
cookies,12,6
bored,0,3
maids,6,0
huh,12,12
orleans,3,0
katrina,3,0
palms,6,0
fortune,3,0
telling,9,3
met,18,3
vampire,9,6
cave,3,0
plot,2,1
thickens,2,1
number,2,1
realized,0,3
wise,0,3
chatting,9,0
jersey,6,0
argentina,3,0
rodney,0,3
finn,0,3
entertain,3,3
drums,18,3
bands,9,3
rap,24,0
micheal,3,0
jackson,3,0
thriller,6,0
album,3,0
23,9,9
woah,0,3
1,27,6
humans,3,3
boat,21,3
cakes,9,0
veggie,6,0
meals,3,6
fences,3,0
internet,15,3
od,3,0
hog,3,0
gonna,15,3
creek,6,0
scared,9,9
esp,3,0
beer,21,6
sn,3,0
pleasures,3,0
harder,3,0
design,15,9
sunfish,6,0
worth,12,3
piggies,3,0
entertaining,6,0
daughter,24,27
slowly,0,3
pull,3,3
crib,0,3
aw,3,9
almost,15,15
8,15,9
parent,6,6
hectic,3,0
handful,6,3
gets,21,3
lake,21,9
every,57,24
excellent,3,0
jazz,33,3
horror,9,0
stories,6,0
coffee,42,9
drinker,4,0
chains,3,0
starbucks,3,6
tim,0,3
hortons,0,3
dunkin,0,3
atmosphere,3,0
treat,9,0
employees,3,0
editor,0,3
magazine,3,3
asking,18,9
ap,0,3
procedure,0,6
fix,9,12
elf,0,3
appearance,6,0
starts,6,0
acceptance,3,0
confidence,3,3
gf,0,3
stayed,0,3
tons,6,3
28,3,0
lesson,6,0
plus,12,6
witty,6,0
means,15,3
humor,3,0
shark,3,0
blown,3,0
folks,6,6
dislike,3,3
bummer,3,6
currently,21,15
knew,3,9
offer,6,3
colder,0,3
parts,3,6
snow,6,3
enjoyable,12,0
christmas,15,3
el,0,3
paso,0,3
corpus,0,3
christi,0,3
victoria,0,3
sleeping,12,12
enlisted,0,3
14,3,3
fallout,3,0
duty,0,6
younger,3,3
cod,3,0
plane,15,6
bomber,3,0
afraid,6,9
heights,0,3
blast,6,0
cares,3,0
equals,3,3
sibling,0,6
poo,0,3
sent,0,3
adoption,3,6
agency,3,6
infant,0,6
difficult,3,21
prius,0,3
upgrading,0,3
van,0,9
hipster,3,0
lace,3,0
curtains,3,0
iphone,12,18
apple,19,0
fantastic,15,3
products,3,0
except,6,3
spikes,0,3
collar,0,3
stainless,0,3
painted,0,3
inferior,0,3
exploding,0,6
marks,0,3
wall,3,3
latest,0,6
waterproof,0,6
snorkeling,0,6
promise,6,0
chase,9,0
comodo,3,0
stations,3,3
reach,3,3
private,6,3
pursue,0,3
graduated,15,15
kindergarten,6,6
ny,9,9
26,9,3
angels,0,3
ooh,6,0
kale,9,3
nut,6,0
kayaking,6,0
2000,0,6
prolific,3,0
writers,3,0
spiderman,0,3
snakes,6,3
venom,0,3
anaconda,3,0
python,3,0
kenyan,3,0
sand,3,3
boa,3,0
shedding,3,0
pollutants,0,3
witch,0,9
speckles,3,6
obviously,3,3
knitting,6,0
curious,3,0
tattoos,3,6
plenty,9,6
indeed,9,0
household,3,0
lay,6,3
porch,6,3
confused,3,0
gosh,6,3
baseball,12,6
eyes,12,0
positive,0,3
organized,6,0
players,3,3
excercise,3,3
freak,0,6
carrot,0,6
accident,6,18
painful,0,6
organize,0,3
thoughts,6,3
jimmy,9,0
fallon,6,0
died,18,15
priority,3,0
divorced,3,15
harmless,3,0
grandmother,3,3
guesthouse,3,0
rare,15,0
teapots,3,0
kindly,3,0
artists,6,0
drake,3,0
insane,3,0
clown,3,0
posse,3,0
stuff,24,12
togethers,3,0
favorites,9,3
larp,3,3
role,6,6
dress,18,12
armor,3,0
swords,3,0
weapons,3,0
girls,21,6
martinis,3,0
kiddos,0,3
dreamed,6,3
becoming,15,3
clothing,3,3
yoga,33,18
instructor,9,3
dreaming,3,0
sigh,3,0
pta,6,0
clubs,6,0
suburban,0,3
comfortable,6,0
exercising,6,0
mixing,0,3
cable,3,6
verizon,3,0
george,6,3
celebration,3,3
cheerleading,3,0
sporty,3,0
biking,9,0
middle,9,9
cheerleaders,0,3
waitress,15,6
pair,3,0
headsets,3,0
jog,3,0
marry,9,9
congrats,15,0
engaged,3,3
honor,9,0
deceased,6,0
needles,0,3
model,0,6
lucky,27,0
fortunate,3,6
relationship,6,9
particularly,6,3
fall,15,3
summers,0,3
hot,30,9
orginally,0,6
whole,9,15
england,3,0
salary,0,6
international,3,3
budget,0,3
selfless,0,3
target,0,6
population,0,3
access,0,3
obsess,0,3
consider,9,3
groups,6,3
pray,3,0
betterment,3,0
supplies,6,3
app,0,3
requested,3,0
request,0,3
provide,3,6
training,3,15
ambitious,3,0
focus,3,3
assessment,3,0
connection,3,0
services,6,0
hmm,6,18
changes,3,3
evidence,3,0
initial,3,0
success,6,0
slice,3,0
dig,9,0
chasing,3,3
siberian,3,0
mmmm,0,3
frosting,0,3
distracted,0,9
trooper,3,0
service,9,6
trauma,3,0
las,3,0
vegas,15,3
moving,6,9
misery,0,6
missouri,0,3
error,3,0
giggle,3,0
streaked,3,0
horrified,3,0
girlfriend,21,15
dye,9,6
steampunk,6,0
older,27,15
run,69,42
ponds,0,3
ibm,0,3
attorney,3,0
da,3,0
hands,3,6
absolutely,27,0
scavenge,3,0
dollar,3,0
fisherman,3,0
mainly,15,9
pursuit,3,0
bait,3,0
wax,3,3
crawlers,0,3
minos,0,3
fried,6,3
unclear,0,3
referring,0,3
refering,3,0
bears,9,0
fill,0,3
paperwork,0,3
send,3,6
rector,0,3
parrish,0,3
vermont,0,3
environmental,0,3
activist,0,3
grad,3,3
parks,9,3
12,6,12
national,3,0
spot,9,3
nieces,0,3
nephews,0,6
each,27,6
missing,0,18
reside,9,0
york,24,3
rural,6,3
areas,3,0
33,3,0
meeting,9,0
bigger,15,0
pig,0,6
dive,9,3
cliffs,6,0
date,3,3
shorter,0,6
legs,3,6
photographer,0,3
spouse,6,3
concert,6,21
millions,6,0
salads,6,0
fictional,0,3
novels,18,3
potatoes,6,0
jumping,3,3
granny,3,3
cliff,3,0
intense,3,0
motorcycle,0,6
european,3,0
accent,3,3
courses,6,0
shoot,60,6
short,9,21
cam,3,0
bf,3,6
studies,6,6
listing,0,3
full,18,6
juicy,0,3
gotch,0,3
select,3,0
katy,6,0
perry,6,0
site,0,3
vegetarians,0,3
midwest,0,3
tokyo,3,0
bachelors,6,0
honeymoon,6,0
passport,3,3
bookstore,3,0
highschool,3,0
astronaut,3,0
tatoos,3,0
veggies,6,3
o,6,6
garfield,3,0
lasagna,9,0
driven,0,3
thus,0,3
bear,18,6
lose,6,3
blonde,24,6
nickname,3,6
patience,3,0
cure,0,3
took,3,15
findings,0,6
revelation,3,0
mia,0,3
angela,3,0
bubblegum,3,3
unusual,0,3
chew,3,0
feeding,6,0
feed,6,3
skydiving,9,0
lift,12,3
screws,0,3
planet,3,3
saturn,3,0
alien,0,6
francisco,6,0
gentlemen,3,0
women,9,9
breasts,3,0
japanese,3,3
language,3,0
thick,3,3
certain,0,3
pronounce,0,3
hippopotamus,0,3
tigers,3,0
35,3,0
40s,3,0
golden,6,0
retriever,6,0
skateboard,3,3
looks,6,3
power,6,0
zebras,6,0
socks,9,6
low,3,3
uh,3,3
actress,9,3
blondes,3,0
stick,0,9
almond,0,3
roots,3,0
covered,6,0
ruin,0,3
blond,3,6
suburbs,3,0
forties,3,0
superheroes,3,3
samsung,0,6
phones,0,3
news,12,3
batteries,0,3
ceo,0,3
prison,3,3
bribery,0,3
responsibility,3,3
monitors,0,3
owe,0,3
phys,0,3
ed,6,3
closest,3,3
arm,6,6
wrestling,3,3
weightlifting,3,0
7,18,6
bagels,9,6
personally,6,3
hills,3,0
running,21,24
cal,3,0
inland,3,0
empire,3,0
10,24,9
philosophy,6,6
schooled,0,3
umass,0,3
pony,3,0
tails,3,0
pepsi,3,0
expecting,3,3
judgemental,0,6
preacher,0,3
librarian,3,3
mines,3,3
shadowy,3,0
vivid,3,0
gal,6,0
ranch,6,0
relaxes,12,0
battery,0,3
within,3,3
periods,0,3
sanity,0,6
intact,0,3
stationed,3,0
kuwait,3,0
sis,3,6
nephew,3,3
puppy,0,6
easier,3,0
communicate,3,0
jake,3,0
vladimir,3,0
profession,12,6
heavy,3,3
weights,9,0
wussy,3,0
lifting,6,0
squat,3,3
400,3,6
pounds,0,3
nurses,9,0
sees,3,0
ego,0,3
mommy,0,6
strongest,0,3
men,0,9
weakest,0,3
hahahahaha,3,0
face,3,0
wedding,9,15
yay,9,0
titanic,3,0
babysitting,6,0
hustle,3,0
mercedes,0,6
complaints,0,3
ferrari,3,3
ugh,0,9
onw,0,3
sucks,12,24
neglect,0,3
boys,27,0
odf,3,0
brither,3,0
27,6,0
confined,0,9
kicked,3,9
aunt,3,0
cartoons,15,0
props,0,3
btw,0,3
drunks,0,3
comedies,6,0
cuddle,3,0
ca,0,6
19,3,3
alcoholic,0,3
geology,0,6
suffer,0,3
anxiety,0,9
holidays,12,0
bus,0,3
mike,6,0
trout,3,0
rid,6,3
tough,9,21
paranoid,0,3
track,9,0
grandchildren,6,0
pathological,0,3
liar,0,3
upset,0,3
badly,0,3
fighting,3,0
disappointing,3,0
deceiving,3,0
belly,3,0
shrimp,15,6
fabulous,9,0
dipped,0,3
bang,0,6
recipe,3,3
greatly,3,0
riddance,3,0
karate,3,0
dbt,3,0
therapy,9,9
dialectical,0,3
behavioral,0,3
borderline,0,3
personality,0,3
burden,0,3
balanced,6,0
partying,3,0
dental,3,0
driver,3,3
crashes,0,3
behind,0,6
pinky,0,6
howl,0,3
sundays,3,0
breakfast,9,0
kim,3,0
basic,3,0
thad,3,0
goodness,6,0
nancy,3,0
john,6,3
barbies,6,3
uc,0,3
sonata,0,3
cruz,0,3
barbie,3,0
firefighter,3,0
firehouse,3,0
fires,3,0
associates,3,0
marketing,9,9
psychology,3,0
yikes,3,6
20,12,9
blind,0,6
process,0,6
supermarket,0,3
already,9,15
mentioned,3,3
darkness,0,3
quake,9,9
average,3,9
several,3,6
chicago,3,9
bartering,3,0
grow,12,6
inherit,3,3
raise,3,3
beavers,3,0
minded,3,0
storming,0,3
lazy,6,9
path,6,0
dear,6,3
scarry,6,0
simplified,0,3
rope,3,3
customers,3,0
pressure,3,0
spices,3,3
basil,6,0
rosemary,3,0
bugs,0,3
jars,0,3
ski,6,0
joining,3,0
soul,9,3
roll,6,0
christian,9,3
joined,0,3
2004,0,3
government,3,0
official,3,0
win,12,12
involved,3,3
politics,6,6
mexico,6,0
privilege,3,0
russia,6,3
overseas,6,0
techno,0,3
drones,0,3
testing,3,0
accountant,6,3
recharge,3,0
due,3,3
stressful,6,0
police,0,3
officer,3,3
recovery,0,3
condo,3,0
occupy,0,3
herpes,0,3
mustache,3,0
seeking,3,0
medical,6,6
attention,3,3
reporter,3,0
newspaper,3,0
report,0,3
properly,0,6
switch,6,3
chrome,0,6
browser,0,6
speak,9,27
mic,0,6
assume,3,6
microphone,0,3
slang,0,3
todays,0,3
generation,0,3
typing,0,6
hit,3,15
picture,3,0
grandkids,15,3
jacob,6,3
photographs,0,3
cabin,0,3
gl,0,3
barn,3,3
nashville,3,3
vintage,3,3
farmer,9,0
markets,3,0
vegetable,6,3
tomatoes,6,0
passionate,3,0
aout,3,0
community,3,3
chance,0,3
motor,3,0
sleepover,3,0
turning,3,3
poor,0,12
horrible,0,12
popular,9,3
pool,9,12
milo,3,0
oreo,3,3
sirius,3,0
nutmeg,0,3
vet,6,6
romance,3,3
novel,9,3
creating,3,3
besides,12,6
diner,6,3
daycare,0,3
babies,6,6
longcareer,0,3
homedaycare,0,3
whafabout,0,3
table,3,0
potato,0,6
drafted,0,3
minnesota,0,3
wolves,6,3
lend,3,0
invest,3,3
carolina,6,3
comics,24,3
trouble,12,6
signed,3,0
moral,3,0
clause,3,0
workout,18,6
plucking,3,0
eyebrows,3,0
bitten,0,3
skate,0,3
board,3,6
smooth,3,3
poultry,0,3
murder,3,3
plays,9,9
blowing,3,0
google,6,12
antiques,3,0
math,12,6
heart,9,3
romantic,3,3
cd,6,0
meant,3,6
issue,3,0
gamble,3,0
lottery,9,6
downfalls,0,3
greedy,3,0
peoples,0,3
intentions,0,3
daughters,18,6
donating,3,0
charities,3,0
charity,3,0
programmer,3,3
200k,3,0
eligible,3,0
program,6,0
facebook,9,0
filled,3,0
gold,3,3
coins,3,3
bury,3,0
arms,9,3
replaced,3,0
robot,3,3
limbs,3,0
cyborg,3,0
wrestle,3,0
mr,9,0
exploded,0,3
killing,0,6
thousands,0,3
worlds,3,3
teeth,0,6
toothless,0,3
megalomaniac,0,3
intellectual,0,3
entertainment,3,0
cowtown,0,3
moo,3,0
vies,3,0
ordinary,3,0
banks,3,0
elephant,3,0
fridge,3,6
peanut,9,6
butter,9,9
jar,0,3
empty,0,6
footprints,0,3
french,21,6
vanilla,6,3
diabetes,0,6
dated,6,0
felt,0,3
chalk,0,3
nasty,0,12
liked,6,3
longest,0,3
marathon,6,3
shin,0,3
splints,0,3
chores,3,0
1860,0,3
slave,3,3
senior,6,0
citizen,6,0
era,3,0
fellow,3,0
solider,3,0
clarify,3,0
escaped,6,0
slaves,3,0
incredibly,0,3
disheartening,0,3
granddaughters,3,0
grandsons,9,0
range,3,0
total,9,3
blessing,3,0
occuring,3,0
nirvana,12,0
quaint,3,0
cupcake,0,3
casual,6,0
fits,3,0
corporate,3,6
hated,0,6
happiness,3,0
cupcakes,3,6
31,3,0
flavors,3,3
reminds,9,0
baskin,3,0
robbins,3,0
org,6,3
till,3,6
asleep,0,3
attached,0,3
plan,21,12
characters,3,0
ranger,9,3
goal,3,3
bless,9,0
lost,9,12
believer,6,0
selfish,0,3
electrician,6,0
relate,3,3
broken,3,6
brake,0,3
hamburgers,0,3
burgers,3,3
weakness,0,3
hibernate,3,0
intelligent,6,0
jock,6,0
scholarship,6,0
body,3,9
recycling,0,6
recycle,6,6
forgot,0,3
curb,0,3
forgetting,0,3
outdoor,6,0
supper,3,3
choose,0,3
digital,0,3
illustrations,0,3
publish,3,0
illustrated,3,0
version,3,0
stephen,3,0
king,9,3
writes,3,0
babysit,9,0
develop,3,3
grown,9,0
babysitter,3,3
turn,12,6
addiction,0,6
five,21,15
seven,3,3
recovering,0,3
leg,3,3
awful,6,3
mary,9,0
journalist,6,0
beastie,6,0
idols,3,0
radio,9,6
hip,9,3
hop,9,3
premature,0,6
okie,0,3
dokie,0,3
preemie,0,3
eardrums,0,3
fragile,0,3
lines,0,3
irritate,0,3
toyotas,3,0
reliable,3,0
gear,3,0
grapes,0,3
squishy,0,3
raisins,0,3
whale,0,3
hunters,0,3
blubber,0,3
duh,0,3
jim,6,0
tammy,0,3
draw,18,6
animated,3,0
pictures,12,0
artistic,3,0
musician,3,0
killer,0,3
hire,6,0
locally,3,0
hobbie,0,3
amateur,0,3
jogging,0,3
cuisines,3,0
restaurants,6,3
devastating,3,0
stronger,3,0
oil,6,9
mustangs,3,0
counts,6,3
clothe,0,3
wash,3,6
clean,3,3
truly,3,0
chore,3,0
however,3,3
diet,18,9
parrot,3,3
baton,0,3
rouge,0,3
maryland,3,0
caterer,3,0
embarrassed,0,3
pattern,0,3
baldness,0,3
wig,0,3
lord,0,3
toupee,0,3
lasting,3,0
gamer,6,0
cab,9,3
ridden,3,0
scare,3,6
45,6,0
loved,21,3
projects,3,0
wisconsin,3,0
waukesha,3,0
baker,6,0
walks,12,3
favorit,3,0
commute,0,3
youngest,15,6
x,3,0
afford,15,3
supervisor,0,3
buying,3,3
mirror,3,3
deciding,0,3
botox,0,3
ahahah,6,9
surely,3,3
awaken,0,3
youth,0,3
ween,0,3
exhausting,3,6
esports,3,3
competitive,9,0
versatile,3,0
gardening,3,0
useless,0,3
knowledge,0,3
rubbery,0,3
engineer,3,3
software,3,6
silly,3,6
nearby,3,3
broadway,6,3
biology,3,0
tunes,6,0
kurt,0,3
cobain,0,3
shown,0,3
cinemas,0,3
travelling,3,0
dart,3,0
map,6,0
trips,0,3
travelled,3,3
tahiti,0,3
colonel,0,3
formally,0,3
jeans,0,3
tee,0,3
detective,3,0
gone,6,3
tune,6,3
softball,3,0
tourney,3,0
ghastly,0,3
mass,0,3
visiting,6,0
treating,6,0
creed,3,0
l,0,6
f,0,3
r,0,6
e,0,3
farmers,3,0
environmentalist,3,0
eh,3,0
shift,6,6
bakery,3,9
fired,0,6
mistake,0,6
grab,3,0
travels,3,0
brush,3,0
shaved,0,3
sunset,6,0
generally,3,0
hinting,3,0
rise,3,0
rising,0,3
60,3,3
escape,3,0
golf,6,0
chess,3,0
sprint,3,0
sword,3,0
fights,3,0
dangerous,3,6
muscle,0,3
protein,3,3
mountain,3,6
dew,3,0
sodas,3,0
highlights,3,0
random,3,3
clips,3,0
n,3,3
channel,0,3
museums,6,0
destiny,3,0
jessica,3,0
jasper,6,0
indoor,3,0
50,0,3
barista,0,6
flower,6,0
roses,6,0
egg,3,0
noodles,6,0
challenging,3,0
second,21,6
decide,0,3
treated,0,6
farming,0,3
ayako,3,0
crocheting,3,0
truth,6,3
active,18,0
october,3,0
dressing,6,3
des,0,3
moines,0,3
ia,3,0
milkshakes,3,0
flat,3,0
pleasant,3,0
northen,3,0
mi,3,0
folk,3,0
genres,3,0
mood,0,3
communication,3,0
freelance,3,3
jerk,0,3
figured,3,6
screwing,0,3
web,0,3
tips,9,3
looney,0,3
paparazzi,3,0
protected,3,0
newborn,3,0
hidden,0,3
sheeran,3,0
strangers,6,0
anyways,3,0
given,6,0
recipes,3,0
honey,3,0
dislikes,0,3
electronics,3,0
smartphones,3,0
tinker,3,0
monkeys,6,0
zoo,6,0
dropped,0,3
laughing,0,3
purpose,0,3
soldier,0,3
germany,3,0
german,6,18
tiger,0,3
lying,0,3
hah,0,3
vehicle,3,6
wheels,3,0
uniform,3,3
boohoo,3,0
unfortunate,0,3
return,3,0
casino,3,3
statistics,0,3
motivates,3,0
em,6,0
managers,0,3
blackjack,3,0
count,12,0
cards,6,0
skill,6,0
gambling,3,9
emotions,0,3
graduate,6,3
barely,3,6
coffeehouse,0,3
kentucky,3,9
scares,3,3
impression,0,3
tolerant,0,3
rednecks,3,0
portland,6,3
musicians,3,0
biz,0,3
parental,0,3
expectations,0,3
realistic,0,3
rob,6,0
halford,3,0
judas,6,0
priest,6,0
painkiller,3,0
sexuality,3,0
mortician,0,3
bodies,0,3
stamp,3,0
collector,3,0
owner,3,0
teal,3,3
yellow,3,12
strumming,3,0
exhausted,0,3
doubles,0,3
ina,3,0
dentist,0,3
silicon,0,3
valley,0,3
television,3,3
fourth,3,0
toto,9,3
grandma,6,3
denmark,6,0
serve,6,6
meatloaf,6,0
songs,9,0
oakville,3,0
5th,3,0
graders,3,0
bright,3,0
scholl,0,3
appropriate,0,3
sayin,0,3
happiest,3,0
earth,12,0
against,0,3
reminisce,3,0
conversation,3,0
mutineers,3,0
background,6,0
nights,0,6
54,0,3
j,3,3
mabel,3,0
marvel,3,0
adventures,9,0
frustrated,3,3
translating,0,6
spanish,0,3
accounting,6,9
adopted,9,6
gym,18,12
bodybuilder,0,3
cheeseburgers,3,6
wold,3,0
fathers,0,3
wealth,0,3
distances,0,3
fibromyalgia,0,6
addition,0,3
va,0,3
pa,3,3
continue,6,0
beadwork,3,0
patterns,6,0
jewelry,6,0
audition,3,3
boxes,0,3
unpack,0,3
arabic,3,0
immigrated,3,0
algeria,3,0
neon,3,0
champ,0,3
angry,0,3
recall,0,3
anger,0,3
jaguars,3,0
specifically,6,0
innocence,3,0
tuba,0,3
west,0,3
coast,3,3
sun,0,3
muh,3,0
selling,3,3
sunglasses,3,0
walker,0,3
flexible,0,3
schedule,3,3
befriend,3,0
ots,0,3
peeps,0,3
poodle,0,3
bulldog,3,0
gentle,3,0
olympic,3,3
medal,3,0
tvs,3,0
sears,3,0
size,0,18
womens,0,6
frequently,3,3
washers,0,3
medications,3,3
prescribe,3,0
chili,3,0
peppers,3,0
meds,6,0
lexus,3,6
jump,9,3
1979,0,3
alike,3,0
hamburger,6,0
winnings,6,0
soooo,6,0
swear,0,3
wallet,0,3
beagle,3,0
tomorrow,15,0
fifth,3,0
adobe,0,3
types,12,3
orcish,0,3
typical,3,0
32,0,3
leaves,0,3
ditch,0,3
clothes,12,12
wasted,3,0
research,6,3
bowling,3,0
improve,3,0
maintenance,0,3
mechanical,0,3
systems,0,3
furniture,3,3
saves,3,3
rooms,0,3
taxi,3,0
brain,12,0
gotcha,6,0
account,3,0
maps,6,0
interface,0,3
medium,6,3
earphones,0,3
recluse,0,3
held,0,3
hostage,0,3
robbery,0,3
traumatic,3,0
gelato,3,0
wonders,3,0
fulltime,3,0
h,0,3
biblical,3,0
tight,3,0
roommate,0,3
raising,3,3
construction,3,3
welder,0,3
explode,3,0
popcorn,3,3
brownies,6,0
roller,3,0
coasters,3,0
secrets,3,0
secretly,3,0
kittens,6,0
despite,3,0
explosions,3,0
cardigan,3,0
genius,6,3
step,0,6
preferred,0,3
ignore,0,3
proposed,3,0
nor,3,0
anybody,3,0
infront,3,0
birth,3,0
tulips,0,3
pain,3,6
survive,3,0
desert,0,3
spaces,0,3
goo,3,0
barefoot,3,0
contessa,3,0
homage,3,0
soup,3,0
network,3,0
hells,3,0
kitchen,6,0
micco,3,0
bikes,6,0
bread,6,12
december,3,0
25,3,0
gave,3,0
physically,0,3
handicapped,0,3
vitamin,3,6
c,0,6
certainly,3,0
bbq,6,3
sandwich,6,0
imaginary,6,3
jo,3,0
aged,3,0
cyrus,0,3
pnb,0,3
fifty,3,0
anniversary,3,0
ford,3,0
mustang,3,0
worldy,3,0
possessions,3,0
walked,0,3
chihuahua,0,6
pit,0,6
bull,0,6
uses,0,3
ease,3,0
likewise,3,0
classics,3,0
cane,3,0
quiet,12,6
swell,0,3
picky,3,0
floyd,12,0
classical,12,0
runs,3,3
avid,3,3
form,3,0
leather,6,6
cleaners,0,3
bouncer,3,0
teasing,3,0
spiky,6,0
bundles,3,0
financially,3,0
cleaned,3,0
hungry,3,0
pita,6,3
pretend,0,9
pretended,0,6
submit,0,3
allyl,3,0
manage,9,0
pride,6,0
worker,3,6
realize,3,0
noticed,3,0
seasons,3,0
changing,3,0
warehouse,0,3
loader,0,3
majoring,3,3
minoring,3,0
cpa,0,3
license,0,3
petes,0,3
sake,0,3
pirate,3,9
yar,6,0
matey,6,0
linguistics,0,3
thesis,0,3
jargon,0,3
knitted,3,0
hat,3,0
talked,0,3
peta,0,3
chopping,0,3
dammit,0,3
crashed,0,3
text,0,3
tattoo,6,3
hospitals,3,0
forgo,0,3
bowl,0,3
hour,9,0
register,0,3
clerk,0,3
woud,0,3
bout,9,3
danny,3,0
describing,3,0
round,3,0
avoid,0,3
harvey,0,6
storm,0,6
ur,0,3
whos,6,3
brushes,0,3
jack,0,3
kesha,3,0
cameo,3,0
simpsons,3,6
images,1,3
search,0,3
views,0,3
tel,3,0
degrees,3,0
sartorius,3,0
costco,3,0
snakeskin,3,6
skin,9,6
jane,9,0
serg,3,0
veterinarian,9,3
respect,3,0
widowed,0,3
yep,3,3
adventure,6,0
zookeeper,3,0
trained,3,0
buff,3,0
breast,3,0
cancer,3,6
clear,3,3
ranked,3,0
poker,6,0
petting,3,0
karaoke,3,0
racket,0,3
affairs,0,3
liaison,0,3
habits,0,6
unhealthy,0,3
wasting,0,3
tend,0,3
2011,3,0
volkswagen,3,0
passat,3,0
blame,6,0
banker,0,3
csr,3,6
stands,6,3
alphabet,0,3
backwards,0,3
representative,3,0
redhead,3,0
opened,0,6
danced,3,0
shame,6,0
canned,3,0
sardines,3,0
disagree,0,3
sardine,0,3
11,0,3
sam,0,6
lotta,3,0
ballet,9,3
dances,3,0
sunday,3,6
discounts,0,3
southwestern,0,3
discount,6,3
tabby,6,0
leslie,3,0
sweetest,3,0
companion,3,0
suggest,3,0
hm,3,0
wings,3,0
subs,3,0
dip,6,0
pub,0,3
antz,3,0
childrens,3,3
cycle,3,0
rider,3,0
oyu,3,0
hotel,0,6
waiter,3,6
18th,3,0
century,3,3
traveler,0,3
21st,0,3
stared,0,3
psychopathic,0,3
behavior,0,3
expert,0,3
stare,0,3
equally,0,3
hopeful,3,0
pessimist,3,0
wo,3,6
invite,3,0
optimistic,3,0
notes,0,3
substitutes,3,0
deserts,3,0
desserts,9,0
patio,3,0
pineapples,3,3
gerald,3,0
rhonda,3,0
kane,3,0
shade,3,0
light,3,3
greens,3,0
administrator,0,3
mcdonalds,6,0
footsteps,0,3
flipping,3,0
saturday,3,3
hottie,0,3
crackin,3,0
prayer,3,3
craaaaaazy,0,3
electronic,0,3
jesus,6,0
beat,3,0
drops,3,0
rave,3,0
collection,9,0
cubs,3,0
superman,0,6
suit,0,3
autograph,3,0
000,3,0
actors,0,3
alicia,3,0
silverstone,3,0
limit,0,3
credit,0,3
healthier,3,3
seller,0,3
poetry,3,0
cartoonist,0,3
inspiration,6,0
sabbath,3,0
souls,0,3
choir,0,6
strange,3,6
tore,0,6
karen,3,3
symphony,6,3
8th,6,0
personalities,3,0
scientologist,3,0
affords,3,0
ability,3,0
cloths,3,0
actor,6,3
travolta,3,0
adores,3,0
businessman,3,3
kickstart,0,3
hippie,3,0
hippies,6,3
involve,6,0
pro,6,0
athletes,3,0
tats,3,0
involves,0,3
berries,3,0
strawberry,3,0
picking,3,0
strawberries,6,0
flowers,3,0
dr,3,0
taylor,3,0
jovannie,3,0
global,3,0
warming,3,0
barbecue,3,0
puffs,3,0
stir,0,3
fry,0,6
instruments,3,6
cartoon,9,0
duo,3,0
education,6,3
13,3,0
students,9,0
hometown,3,0
siamese,3,0
maker,0,3
playground,3,0
coaches,3,0
lead,3,3
kindergarteners,3,0
age,12,3
fruit,3,0
cups,3,0
keen,0,3
yogurt,9,6
converts,3,0
raised,9,6
peaceful,6,0
trucks,6,3
parking,0,6
skilled,0,3
vehicles,0,3
trick,3,0
somebody,0,3
proposing,3,0
assuming,3,0
fries,15,3
stranger,3,0
til,3,0
political,3,3
thrillers,3,0
trails,3,0
sitcoms,0,3
pad,3,0
chip,6,0
mixed,6,0
taste,6,0
howdy,3,0
georgia,9,0
beans,3,0
checker,3,0
supposed,3,3
afro,0,3
afros,0,3
dread,0,3
mars,6,3
paino,0,27
la,0,18
ho,0,15
santa,0,3
claus,0,3
forgive,0,3
key,0,3
russian,0,3
olympian,0,3
weight,6,3
lifter,3,3
bench,3,0
345,3,0
lbs,3,0
dairy,3,0
attend,0,3
seashells,3,0
chihuahuas,0,3
marrying,3,0
resting,3,0
prejudice,3,0
austen,3,0
hehe,3,0
elderly,3,0
sneakers,0,3
comfy,0,3
ahh,3,0
support,3,3
carb,3,0
dieting,0,3
lunch,3,0
hollywood,3,0
ferrell,3,0
agreed,3,0
privately,3,0
lounge,3,0
nearly,0,3
urinary,0,3
18,0,6
survived,3,0
italy,6,3
france,0,3
perfection,0,3
flawed,0,3
default,0,3
conflict,0,3
baths,56,3
owning,3,0
choice,9,3
deserves,3,0
cheer,3,0
leader,3,3
killed,0,6
marley,0,3
herb,0,3
migraines,0,3
nauseating,0,3
liars,0,6
retail,3,9
zen,0,3
reality,0,3
motto,3,0
chased,0,3
wild,9,3
heels,0,3
pluck,0,3
eyelids,0,3
ideas,3,3
retiree,3,0
retire,3,0
recommend,6,0
leaving,0,3
bubble,6,0
mmm,3,0
carnivore,3,0
kend,3,0
sat,3,0
signing,3,0
eatin,3,0
janet,6,0
robert,3,0
janitor,3,0
result,3,0
confident,12,0
abilities,3,0
operate,3,0
backyard,3,3
tress,3,0
requires,3,0
pesky,3,0
elms,3,0
brewed,3,0
cape,3,0
hero,3,0
dancer,9,0
gay,59,3
partner,0,3
purchased,0,3
daily,12,0
practicing,3,3
talent,0,3
outgoing,0,3
strength,3,0
apartments,3,0
memphis,6,0
graceland,3,0
destructive,0,3
announce,0,3
smokey,6,0
disrespect,0,3
double,3,6
edged,0,3
knife,0,3
jello,9,0
chainsmokers,3,3
commission,3,3
repairs,0,3
stinks,0,3
closely,3,0
kick,3,0
duds,3,0
bars,3,0
episode,3,0
toasted,3,0
supplement,3,3
film,6,0
abstract,3,0
clock,3,3
numbers,0,6
felix,3,0
adorable,3,0
relatively,3,0
colorado,6,0
spots,3,0
miami,3,0
cleanup,0,3
climbing,3,3
athlete,3,0
medals,3,0
silver,3,0
olympics,3,3
physical,3,0
therapist,6,6
sight,6,0
dearly,3,0
deadbeat,9,0
meal,3,0
fivweeks,3,0
remind,3,0
decorating,3,0
agent,0,3
scenery,3,0
highly,3,0
islands,6,0
kauai,3,0
oahu,3,0
alarm,0,6
ick,0,3
ans,3,0
sci,6,0
fi,6,0
theatre,3,0
significant,3,0
bible,3,3
studious,3,0
junior,0,3
mentally,0,3
beyond,0,3
magazines,3,0
coldplay,0,3
peanuts,0,3
awsome,0,3
sesame,0,3
jt,3,0
pop,3,0
stars,6,0
test,3,0
chosen,3,0
calculus,3,0
fluent,3,3
languages,9,9
programs,0,3
enemies,3,0
reader,3,0
eastern,0,3
indiana,0,3
deserve,0,3
slackware,0,3
linux,0,3
7th,6,0
yeahhhh,0,3
yeaaaahhh,3,0
oooo,3,0
ew,0,3
gross,0,6
hs,0,3
voices,3,0
raincoats,3,0
whatnot,0,3
cross,0,3
300,3,0
teddy,3,0
wearing,3,0
rain,3,0
coats,3,0
loll,3,0
paddington,3,0
jeez,0,3
marathons,0,3
foreign,0,3
nervous,3,0
obligations,0,3
overall,6,0
appliance,0,3
tasks,3,0
ponder,3,0
bother,0,3
quality,6,0
developing,0,3
code,3,3
robs,0,3
generous,3,0
qualifications,3,0
loss,0,3
hershey,0,3
tasty,6,0
doggies,3,0
wizard,3,0
oz,3,0
rocks,9,0
material,0,3
cellphones,0,3
invented,3,3
norway,0,3
facts,0,3
energized,3,0
caffeine,3,0
joyful,3,0
individual,3,0
brides,3,0
rome,3,0
tomboy,3,0
architect,0,3
combat,3,0
gown,3,0
main,0,3
aisle,3,0
blessed,3,0
experience,3,0
settled,3,0
gfs,0,3
hole,3,0
touch,6,0
sorted,0,3
petitions,0,3
lifelong,3,0
donation,3,0
grows,3,0
plants,3,0
mither,3,0
def,6,3
paramedic,3,0
county,3,0
diabetic,0,6
medic,0,3
sugar,0,6
throughout,3,0
factors,3,0
dealing,3,0
bag,3,0
burn,0,3
sweat,3,0
treats,3,0
trophies,3,0
competitively,3,0
slow,0,3
grandfather,3,0
meditate,0,6
aggro,0,3
tuesdays,3,0
rat,0,3
thirty,0,3
editing,0,3
trading,0,3
succeeds,3,0
meditation,3,0
a12,3,0
enter,3,0
sweepstakes,3,0
function,0,3
inam,0,3
u2,3,0
hired,6,0
del,3,0
taco,6,6
department,3,0
honda,0,3
civic,0,3
designing,0,3
untoward,0,3
incidents,0,3
fell,0,6
stairs,0,6
failing,0,3
records,3,0
vinyl,3,0
shannon,0,3
clams,0,3
rabbit,0,3
released,0,3
spotify,0,3
re,3,0
creates,3,0
60s,3,0
garage,3,3
copy,0,3
tale,6,0
severely,0,3
nerve,0,3
damage,0,3
professor,6,0
passed,3,9
crash,0,3
tila,3,0
roger,3,0
yelling,0,6
businesses,0,3
immediately,3,0
freckles,0,3
harsh,3,0
tanzania,6,0
flip,6,0
flops,3,0
debate,3,3
cany,3,0
indianapolis,0,3
worries,3,0
unsatisfying,0,3
rats,0,6
bell,0,6
plaid,3,0
robotics,3,0
loner,0,3
attachments,3,3
classroom,3,0
2016,3,0
chinese,6,0
foodie,3,3
rut,0,3
surrounding,3,0
comment,3,0
reduit,6,0
blogs,3,0
consists,3,0
opinions,3,0
trolls,3,0
diva,0,3
darn,3,0
nightfish,3,0
honored,3,0
failed,0,3
shorty,3,0
allows,3,0
groom,3,0
beard,3,0
position,3,3
field,56,3
80s,3,0
philadelphia,9,0
eagles,6,0
steals,3,0
keeping,0,3
finances,3,0
sew,3,0
plushes,3,0
cash,3,3
chubby,0,3
kills,0,6
peroxide,0,3
koolaid,0,3
punk,0,3
brave,6,0
sort,3,0
whiskers,0,3
encourages,0,3
earned,3,0
marijuana,3,0
legal,3,0
weak,0,3
messenger,3,0
adminstration,3,0
higher,0,3
mazda,3,0
democrat,0,3
election,0,3
gymnastics,3,0
disorder,3,0
flap,0,3
exercises,0,3
shape,3,3
speaking,3,0
salmon,3,0
saint,3,0
montgomery,3,0
wichita,3,0
outfit,3,0
candies,0,3
sweets,3,3
riddle,3,3
bruno,6,0
wholesome,3,0
schoolers,3,0
families,3,0
lies,3,0
ditto,0,3
harris,0,3
neuroscientist,3,0
philosopher,3,0
podcaster,3,0
talks,3,0
subjects,3,0
affect,3,0
ironically,0,3
christlike,0,3
christians,0,3
broccoli,3,3
scientists,3,0
nighttime,3,0
solar,3,3
lamps,3,0
forced,3,3
forces,3,0
doe,0,3
rent,3,3
celebrity,3,0
planes,3,3
reenactment,3,0
civil,6,0
wat,3,0
buddist,3,0
bon,3,3
colleagues,0,3
relations,0,3
spain,3,0
1s,3,0
getable,3,0
hbu,3,0
nyu,3,3
options,3,0
cello,3,0
y,3,0
nots,0,3
ure,0,3
thet,0,3
stamps,3,0
somewhat,3,3
terrified,3,0
gambles,0,3
genetic,0,3
drove,0,3
wives,0,6
previous,3,0
marriages,3,0
obsessed,0,3
lower,0,3
shelf,0,3
mocha,0,3
caramel,0,6
salted,0,3
bean,0,3
roast,0,6
serving,3,0
afterwards,3,0
triathlons,0,3
triathlon,0,3
pennsylvania,3,3
comforting,3,0
headworker,3,0
designs,3,0
livestock,3,0
geese,3,0
marge,3,0
beside,0,3
lettuce,0,3
restrictive,0,3
fairly,3,0
isaiah,9,0
rashad,3,0
thomas,0,3
engine,0,3
compare,3,0
trains,6,0
fascinating,3,0
ps4,3,0
dads,0,3
elaborate,0,3
percy,0,3
jumped,3,3
yuck,0,6
disgusting,0,3
natural,0,3
everybody,0,3
232,0,6
245,0,3
guard,0,6
labs,0,3
bearded,0,3
collie,3,3
sweater,0,6
tricks,9,3
fence,3,0
heres,0,3
opportunists,3,0
suppers,3,0
nails,3,3
shepherds,0,3
hows,0,3
thankfully,6,3
ghost,6,3
attic,0,6
ghosts,3,0
misconceptions,3,0
fitness,6,3
oldest,3,3
shortest,0,3
guessed,3,0
applied,0,3
commercial,0,3
southwest,0,3
hating,0,3
invested,0,3
bitcoin,0,3
crappy,3,0
crypto,3,3
virtual,0,3
currency,0,3
lucrative,0,3
eaten,1,3
blockchain,0,3
pulled,0,3
jenni,6,0
kansas,3,3
atlanta,0,3
ga,0,3
teen,0,3
arrest,0,3
scuba,3,0
fed,3,0
hrs,3,3
regular,0,3
reject,0,3
wishing,0,3
regularly,3,0
standards,0,3
lil,0,3
owen,0,3
pampered,0,3
wakes,0,3
fluffy,0,3
practice,3,0
sould,3,0
cajun,0,3
liking,0,3
bonjour,3,0
naples,3,0
irish,3,0
bookkeeper,3,0
docent,3,0
history,3,0
applachain,3,0
autumn,9,0
brilliant,3,0
mile,3,0
danes,3,0
american,0,3
rejects,0,3
nightmares,3,0
raining,3,0
obtain,0,3
shakespeare,3,0
distracts,3,0
foster,0,3
companions,3,0
colored,3,3
religious,3,3
wiccan,6,0
pastor,3,0
spirituality,3,0
un,0,3
cleaning,3,9
decision,0,3
lack,0,3
religion,0,3
basis,0,6
wicca,0,6
known,3,0
parakeet,3,0
william,3,0
magic,3,0
gathering,3,0
card,3,0
cleveland,3,0
whistle,3,0
problems,3,0
curly,6,3
cali,6,0
shepherd,3,0
ops,0,3
zombies,0,3
rainbow,0,3
siege,0,3
fps,3,0
tester,0,3
microsoft,0,3
fighters,3,0
mkx,3,0
65,0,3
interpersonal,3,0
communications,3,0
beef,3,0
bakes,3,0
terrier,3,0
cutest,3,0
therefor,3,0
jail,3,3
breeder,3,0
coon,3,0
cruised,3,0
bum,0,3
tells,0,3
emotional,0,3
complain,0,3
hug,3,0
boyfriends,3,0
notre,3,0
dame,3,0
interior,3,0
steve,3,0
dave,3,0
nevada,6,0
newly,3,0
debt,0,3
aint,3,0
elsewhere,3,0
buddy,0,3
luckily,6,3
nobody,0,6
cheyenne,3,0
1985,0,3
kool,3,0
takeout,3,3
faves,3,0
smoking,0,9
fatty,0,3
tupac,0,3
weed,0,9
growth,0,3
hormones,0,3
acne,0,3
naw,3,3
legit,0,3
butta,0,3
amma,3,0
khakis,0,3
threads,3,0
looooove,0,3
hiphop,0,3
cliches,0,3
smoke,0,6
pores,0,6
juice,0,6
badass,0,3
salty,0,3
dries,0,3
rashed,6,0
rooster,0,3
mice,0,3
goose,0,3
paul,0,3
alcohol,3,3
jenny,3,0
drinks,3,0
fairytales,3,0
landscapers,3,0
unkissed,3,0
lakes,3,0
hikes,3,0
manny,0,3
cinderella,0,3
leading,3,0
loveless,3,0
hermit,3,0
crabby,3,0
animation,3,0
iron,3,3
maiden,3,0
anthony,3,0
bourdain,3,0
istanbul,3,0
bangkok,3,0
3d,0,3
models,0,3
savory,3,0
coors,3,0
ipa,3,0
shakes,3,0
acura,3,0
earthy,3,0
convenient,0,3
hairdresser,0,3
holiday,127,3
dressed,3,3
odd,0,3
dabble,0,3
relive,0,3
defective,0,3
destroyed,0,3
traumatized,0,3
owners,0,3
genji,3,0
rapids,3,0
host,0,3
bees,3,6
cost,0,3
pen,0,3
worse,3,0
flourish,0,3
fail,0,3
medically,0,3
costly,0,3
gov,0,3
disability,0,6
surgery,0,6
supposedly,0,3
copay,0,3
cries,0,3
herself,0,3
ms,0,3
medicaid,0,3
trump,3,0
thanked,3,0
hp,0,6
shifts,0,3
golly,3,0
craft,3,0
crafts,9,0
minions,0,3
yabu,0,3
kangaroos,0,3
yard,3,3
broom,3,0
chest,3,0
joeys,3,0
distance,3,0
feisty,3,0
critters,3,0
excitement,3,0
ross,3,0
russell,0,3
sprouts,0,3
monday,3,0
jeeze,3,0
industry,6,0
encourage,3,0
automotive,3,0
creativity,0,3
sorts,3,0
decorate,3,0
passing,3,0
elephants,3,0
detach,0,3
dept,0,3
keeper,3,0
passions,3,0
ff,3,0
valedictorian,3,0
tubac,3,0
flight,0,3
ouch,0,3
champagne,0,3
damaged,0,3
items,6,0
curl,0,3
bathroom,0,3
laundry,0,6
fold,0,3
multiple,0,3
withing,3,0
democratic,3,0
democrats,0,3
limited,0,3
rights,0,3
unfree,0,3
neccessary,0,3
uncomfortable,0,3
obey,0,3
overbearing,0,3
mum,3,3
kami,3,0
advertising,3,0
interests,3,0
multiplayer,0,3
preferences,0,3
snorkel,3,0
lawyer,0,3
iphones,0,3
komodo,3,0
studied,3,0
programming,6,0
numan,6,3
intern,3,0
noise,3,0
kept,3,3
focused,3,0
comedian,49,3
ironic,3,0
envious,3,0
critical,0,6
styles,3,0
reputation,0,3
horrid,0,3
internal,0,3
dialogue,0,3
crush,3,0
doctors,3,0
mornings,0,3
complicated,0,3
cartographer,6,0
skateboarding,0,3
tony,0,3
hawk,0,3
eighty,3,0
uncle,0,3
kidnapped,0,3
braces,3,3
countryside,3,0
fort,3,0
lauderdale,3,0
grass,0,3
spy,3,0
wayne,0,3
hunts,0,3
shops,0,3
bargains,0,3
merna,3,0
mutt,0,3
screenplays,0,3
nine,6,0
reference,0,3
chanel,0,3
ads,0,3
partake,3,0
memorizing,3,0
fixing,3,0
reselling,3,0
9,0,6
unloving,0,3
taller,3,0
fond,3,0
portraits,0,3
judge,0,3
tire,0,3
identical,3,0
looked,3,3
reflect,3,0
sculpture,6,0
vatican,3,0
inspirational,6,0
bunch,3,0
ancient,3,0
milan,3,0
florence,3,0
genoa,3,0
bologna,3,0
sistence,3,0
chapel,3,0
policeman,3,0
monsanto,3,0
mma,3,0
salt,0,3
tank,0,3
lobsters,0,3
seafoods,0,3
lobster,3,0
absolute,9,0
nuts,0,6
cafeteria,0,3
surf,3,0
yearly,3,0
secretary,6,0
indie,6,0
occasion,3,0
dresden,3,0
files,3,0
outfits,3,0
ug,0,3
rugby,3,0
neighbor,3,0
rewards,0,3
accessories,3,0
modeling,3,0
dublin,3,0
colour,6,0
calories,0,3
thursday,0,3
krav,3,0
maga,3,0
israeli,3,0
martial,3,0
arts,3,0
hardly,3,0
aid,3,0
honors,3,0
desire,3,0
influences,3,0
committing,3,0
kitties,3,0
mill,3,0
tutoring,3,0
bou,3,0
groove,3,0
banger,3,0
yo,0,3
kendrick,0,3
lamar,0,3
alrighty,3,0
shortly,3,0
unable,0,3
wheelchair,0,3
bound,0,3
colds,0,3
awe,3,0
camp,3,0
soo,3,0
asterix,3,0
beetles,6,0
beats,3,0
alphabetize,3,0
metallica,3,0
cds,3,0
disappoints,3,0
falling,3,0
ant,3,0
watchin,0,3
mosquitos,0,3
sonic,0,3
mosquitoes,3,3
solve,3,0
zika,3,0
existent,3,0
pack,3,0
crackers,9,0
pis,3,0
circus,3,3
hallucinate,3,0
shot,0,6
wounds,3,0
healed,3,0
normal,0,3
ted,0,3
vitamins,3,0
paprika,0,3
woods,3,0
adam,3,0
levine,3,0
grocer,3,0
loft,3,0
pittsburgh,0,3
philly,3,0
min,3,0
sx,3,3
ballerina,3,3
fml,3,0
girlfriends,3,0
coincidence,3,0
camaro,3,0
tennessee,3,0
britney,3,0
spears,3,0
prettier,3,0
pistachio,3,0
acquired,3,0
nick,3,0
barbeque,3,0
ribs,3,0
hips,3,0
z,3,0
speeding,3,0
tickets,6,0
roles,48,0
bicycling,64,0
primarily,56,0
eater,56,0
crochet,64,0
extremely,1,0
isla,1,0
robles,1,0
chances,0,1
occurs,0,1
